Downtown,Metromix,1,Near Southside:Yelp;Near West Side:Yelp;Pilsen:Yelp;University Village:Yelp;Loop:ChicagoReader;Near South Side:ChicagoReader;Near West Side:ChicagoReader;Pilsen/Little Village:ChicagoReader;Loop:YellowPages;Near North Side:YellowPages;West Side:YellowPages;Near South Side:YellowPages;Loop:Menuism;Near South Side:Menuism;Near West Side:Menuism;Pilsen:Menuism;Central:CitySearch;Near West Side:CitySearch;Pilsen:CitySearch;South Side:CitySearch;Chinatown / Pilsen:MenuPages;Near West:MenuPages;South Loop / Near South:MenuPages;West Loop / Greektown:MenuPages;Central:DexKnows;Near South Side:DexKnows;Pilsen:DexKnows;West Side:DexKnows;Loop:Yahoo;Near West Side:Yahoo;Pilsen:Yahoo;Near South Side:Yahoo;

Grant Park Museums,Metromix,0,The Loop:Yelp;Loop:ChicagoReader;Loop:YellowPages;Loop:Menuism;Central:CitySearch;Loop:MenuPages;Loop:DexKnows;Loop:Yahoo;

Greektown,Metromix,0,Greektown:Yelp;Greektown:ChicagoReader;Greektown:YellowPages;West Loop:Menuism;Greektown:CitySearch;West Loop / Greektown:MenuPages;Greektown:DexKnows;Greektown:Yahoo;

Loop,Metromix,0,Printer's Row:Yelp;The Loop:Yelp;Loop:ChicagoReader;Loop:YellowPages;Loop:Menuism;Central:CitySearch;Loop:MenuPages;Loop:DexKnows;Loop:Yahoo;

Near South Side,Metromix,0,Near Southside:Yelp;Near South Side:ChicagoReader;Near South Side:YellowPages;Near South Side:Menuism;Central:CitySearch;Chinatown / Pilsen:MenuPages;South Loop / Near South:MenuPages;Near South Side:DexKnows;Near South Side:Yahoo;

South Loop,Metromix,0,South Loop:Yelp;South Loop:ChicagoReader;South Loop:YellowPages;South Loop:Menuism;Central:CitySearch;South Loop / Near South:MenuPages;Near South Side:DexKnows;Near South Side:Yahoo;

Warehouse District,Metromix,0,River West:Yelp;River West:ChicagoReader;Fulton Market:YellowPages;West Loop:Menuism;Near West Side:CitySearch;West Loop / Greektown:MenuPages;Near West Side:DexKnows;West Loop:Yahoo;

West Loop,Metromix,0,West Loop:Yelp;West Loop:ChicagoReader;West Loop:YellowPages;West Loop:Menuism;Near West Side:CitySearch;Greektown:CitySearch;West Loop / Greektown:MenuPages;Near West Side:DexKnows;Greektown:DexKnows;West Loop:Yahoo;

Near North,Metromix,1,Lincoln Park:Yelp;Near North Side:Yelp;Near West Side:Yelp;Noble Square:Yelp;Near North:ChicagoReader;Lincoln Park:ChicagoReader;Near West Side:ChicagoReader;West Town:ChicagoReader;Lincoln Park:YellowPages;Near North Side:YellowPages;West Side:YellowPages;Noble Square:YellowPages;Goose Island:Menuism;Lincoln Park:Menuism;Near North Side:Menuism;Near West Side:Menuism;Central:CitySearch;Goose Island:CitySearch;Lincoln Park:CitySearch;Near West Side:CitySearch;Lincoln Park / DePaul:MenuPages;Old Town / Goose Island:MenuPages;River North:MenuPages;West Loop / Greektown:MenuPages;Lincoln Park:DexKnows;Near North Side:DexKnows;West Side:DexKnows;West Town:DexKnows;Near North Side:Yahoo;West Town:Yahoo;Lincoln Park:Yahoo;Streeterville:Yahoo;

Gold Coast,Metromix,0,Gold Coast:Yelp;Gold Coast/Mag Mile/Streeterville:ChicagoReader;Gold Coast:YellowPages;Near North Side:Menuism;Central:CitySearch;Gold Coast:MenuPages;Near North Side:DexKnows;Gold Coast:Yahoo;

Lincoln Park,Metromix,0,Lincoln Park:Yelp;Lincoln Park:ChicagoReader;Lincoln Park:YellowPages;Lincoln Park:Menuism;Lincoln Park:CitySearch;Lincoln Park / DePaul:MenuPages;Lincoln Park:DexKnows;Lincoln Park:Yahoo;

Magnificent Mile,Metromix,0,Magnificent Mile:Yelp;Gold Coast/Mag Mile/Streeterville:ChicagoReader;Magnificent Mile:YellowPages;Near North Side:Menuism;Central:CitySearch;Streeterville:MenuPages;Near North Side:DexKnows;Streeterville:Yahoo;

Near North Side,Metromix,0,Near North Side:Yelp;River North:ChicagoReader;Old Town:ChicagoReader;Gold Coast/Mag Mile/Streeterville:ChicagoReader;River North:ChicagoReader;Near North Side:YellowPages;Near North Side:Menuism;Central:CitySearch;Gold Coast:MenuPages;River North:MenuPages;Streeterville:MenuPages;River North:MenuPages;Near North Side:DexKnows;Near North Side:Yahoo;

Old Town,Metromix,0,Old Town:Yelp;Old Town:ChicagoReader;Old Town:YellowPages;Near North Side:Menuism;Lincoln Park:CitySearch;Old Town / Goose Island:MenuPages;Near North Side:DexKnows;Old Town:Yahoo;

River North,Metromix,0,River North:Yelp;River North:ChicagoReader;River North:YellowPages;Near North Side:Menuism;Central:CitySearch;River North:MenuPages;Near North Side:DexKnows;River North:Yahoo;

Rush & Division,Metromix,0,Gold Coast:Yelp;Gold Coast/Mag Mile/Streeterville:ChicagoReader;Gold Coast:YellowPages;Near North Side:Menuism;Central:CitySearch;Gold Coast:MenuPages;Near North Side:DexKnows;Gold Coast:Yahoo;

Sheffield/De Paul,Metromix,0,Lincoln Park:Yelp;Lincoln Park:ChicagoReader;Lincoln Park:YellowPages;Lincoln Park:Menuism;Lincoln Park:CitySearch;Lincoln Park / DePaul:MenuPages;Lincoln Park:DexKnows;Lincoln Park:Yahoo;

Streeterville,Metromix,0,Streeterville:Yelp;Gold Coast/Mag Mile/Streeterville:ChicagoReader;Streeterville:YellowPages;Near North Side:Menuism;Central:CitySearch;Streeterville:MenuPages;Near North Side:DexKnows;Streeterville:Yahoo;

North,Metromix,1,Irving Park:Yelp;Lakeview:Yelp;North Park:Yelp;Rogers Park:Yelp;Lakeview:ChicagoReader;Rogers Park/West Rogers Park:ChicagoReader;Irving Park:ChicagoReader;Lincolnwood:ChicagoReader;Far North Side:YellowPages;Lakeview:YellowPages;Rogers Park:YellowPages;Irving Park:YellowPages;Irving Park:Menuism;Lakeview:Menuism;Rogers Park:Menuism;Sauganash:Menuism;Lakeview:CitySearch;Logan Square:CitySearch;West Rogers Park:CitySearch;Far North Side:CitySearch;Albany Park / North Park:MenuPages;Irving Park:MenuPages;Rogers Park / Devon Ave:MenuPages;Wrigleyville / Lakeview:MenuPages;Far North Side:DexKnows;Irving Park:DexKnows;Lakeview:DexKnows;Rogers Park:DexKnows;Lakeview:Yahoo;Rogers Park:Yahoo;Irving Park:Yahoo;Sauganash:Yahoo;

Albany Park,Metromix,0,Albany Park:Yelp;Albany Park:ChicagoReader;Albany Park:YellowPages;Albany Park:Menuism;Sauganash:CitySearch;Albany Park / North Park:MenuPages;Albany Park:DexKnows;Albany Park:Yahoo;

Andersonville,Metromix,0,Andersonville:Yelp;Andersonville:ChicagoReader;Andersonville:YellowPages;Edgewater:Menuism;Far North Side:CitySearch;Edgewater / Andersonville:MenuPages;Edgewater:DexKnows;Andersonville:Yahoo;

Boystown,Metromix,0,Lakeview:Yelp;Wrigleyville:Yelp;Lakeview:ChicagoReader;Wrigleyville:ChicagoReader;Boystown:YellowPages;Lakeview:Menuism;Wrigleyville:CitySearch;Wrigleyville / Lakeview:MenuPages;Wrigleyville:DexKnows;Lakeview:Yahoo;

Devon Avenue,Metromix,0,Rogers Park:Yelp;Rogers Park/West Rogers Park:ChicagoReader;West Rogers Park:YellowPages;West Rogers Park:Menuism;West Rogers Park:CitySearch;Edgewater / Andersonville:MenuPages;West Rogers Park:DexKnows;Rogers Park:Yahoo;

Edgewater,Metromix,0,Edgewater:Yelp;Edgewater:ChicagoReader;Edgewater:YellowPages;Edgewater:Menuism;Far North Side:CitySearch;Edgewater / Andersonville:MenuPages;Rogers Park / Devon Ave:MenuPages;Edgewater / Andersonville:MenuPages;Edgewater:DexKnows;Edgewater:Yahoo;

Irving Park/Avondale,Metromix,0,Avondale:Yelp;Hermosa:Yelp;Irving Park:Yelp;Irving Park:ChicagoReader;Avondale:YellowPages;Hermosa:YellowPages;Irving Park:YellowPages;Avondale:Menuism;Hermosa:Menuism;Irving Park:Menuism;North Center:CitySearch;Hermosa:MenuPages;Irving Park:MenuPages;Logan Square / Avondale:MenuPages;Avondale:DexKnows;Hermosa:DexKnows;Irving Park:DexKnows;Irving Park:Yahoo;Avondale:Yahoo;Hermosa:Yahoo;

Lakeview,Metromix,0,Lakeview:Yelp;Lakeview:ChicagoReader;Lakeview:YellowPages;Lakeview:Menuism;Lakeview:CitySearch;Wrigleyville / Lakeview:MenuPages;Lakeview:DexKnows;Lakeview:Yahoo;

Lakeview East,Metromix,0,Lakeview:Yelp;Lakeview:ChicagoReader;Boystown:YellowPages;Lakeview:Menuism;Lakeview:CitySearch;Wrigleyville / Lakeview:MenuPages;Lakeview:DexKnows;Lakeview:Yahoo;

Lincoln Square,Metromix,0,Lincoln Square:Yelp;Lincoln Square:ChicagoReader;Lincoln Square:YellowPages;Lincoln Square:Menuism;West Rogers Park:CitySearch;Lincoln Sq / Ravenswood:MenuPages;Rogers Park / Devon Ave:MenuPages;Lincoln Square:DexKnows;Lincoln Square:Yahoo;

North Center,Metromix,0,North Center:Yelp;North Center:ChicagoReader;North Center:YellowPages;North Center:Menuism;North Center:CitySearch;Roscoe Village / North Ctr:MenuPages;North Center:DexKnows;North Center:Yahoo;

North Park,Metromix,0,North Park:Yelp;Albany Park:ChicagoReader;North Park:YellowPages;North Park:Menuism;Lincolnwood:CitySearch;Albany Park / North Park:MenuPages;North Park:DexKnows;North Park:Yahoo;

Ravenswood,Metromix,0,Ravenswood:Yelp;Ravenswood:ChicagoReader;Ravenswood:YellowPages;Ravenswood:Menuism;North Center:CitySearch;Lincoln Sq / Ravenswood:MenuPages;Uptown:MenuPages;Ravenswood:DexKnows;Ravenswood:Yahoo;

Rogers Park,Metromix,0,Rogers Park:Yelp;Rogers Park/West Rogers Park:ChicagoReader;Rogers Park:YellowPages;Rogers Park:Menuism;West Rogers Park:CitySearch;Rogers Park / Devon Ave:MenuPages;Rogers Park:DexKnows;Rogers Park:Yahoo;

Roscoe Village,Metromix,0,Roscoe Village:Yelp;Roscoe Village:ChicagoReader;Roscoe Village:YellowPages;Roscoe Village:Menuism;Roscoe Village:CitySearch;Roscoe Village / North Ctr:MenuPages;Roscoe Village:DexKnows;Roscoe Village:Yahoo;

Uptown,Metromix,0,Uptown:Yelp;Uptown:ChicagoReader;Uptown:YellowPages;Uptown:Menuism;Far North Side:CitySearch;Uptown:MenuPages;North Center:DexKnows;Uptown:DexKnows;Uptown:Yahoo;

West Rogers Park (West Ridge),Metromix,0,Rogers Park:Yelp;West Ridge:ChicagoReader;West Rogers Park:YellowPages;West Rogers Park:Menuism;West Rogers Park:CitySearch;Rogers Park / Devon Ave:MenuPages;West Rogers Park:DexKnows;West Ridge:Yahoo;

Wrigleyville,Metromix,0,Wrigleyville:Yelp;Wrigleyville:ChicagoReader;Wrigleyville:YellowPages;Lakeview:Menuism;Wrigleyville:CitySearch;Wrigleyville / Lakeview:MenuPages;Wrigleyville:DexKnows;Lakeview:Yahoo;

Northwest,Metromix,1,Humboldt Park:Yelp;Irving Park:Yelp;Norwood Park:Yelp;O'Hare:Yelp;Rogers Park/West Rogers Park:ChicagoReader;Irving Park:ChicagoReader;Portage Park:ChicagoReader;Humboldt Park:ChicagoReader;Far North Side:YellowPages;Northwest Side:YellowPages;O'Hare:YellowPages;Humboldt Park:YellowPages;Humboldt Park:Menuism;Irving Park:Menuism;Norwood Park:Menuism;O'Hare:Menuism;Cragin:CitySearch;Humboldt Park:CitySearch;Norwood Park:CitySearch;Far North Side:CitySearch;Far NW Chicago:MenuPages;Humboldt-Austin-Garfield:MenuPages;Irving Park:MenuPages;Portage Park / Dunning:MenuPages;Far North Side:DexKnows;Humboldt Park:DexKnows;Northwest Side:DexKnows;Norwood Park:DexKnows;Irving Park:Yahoo;Humboldt Park:Yahoo;Norwood Park:Yahoo;O'Hare:Yahoo;

Belmont Cragin/Hermosa,Metromix,0,Belmont Central:Yelp;Cragin:Yelp;Hermosa:Yelp;Belmont Cragin:ChicagoReader;Belmont Central:YellowPages;Cragin:YellowPages;Hermosa:YellowPages;Belmont Central:Menuism;Cragin:Menuism;Hermosa:Menuism;Cragin:CitySearch;Hermosa:MenuPages;Montclare / Cragin:MenuPages;Belmont Central:DexKnows;Cragin:DexKnows;Hermosa:DexKnows;Belmont Cragin:Yahoo;

Bucktown/Wicker Park,Metromix,0,Bucktown:Yelp;Wicker Park:Yelp;Wicker Park/Bucktown:ChicagoReader;Bucktown:YellowPages;Wicker Park:YellowPages;Bucktown:Menuism;Wicker Park:Menuism;Bucktown:CitySearch;Wicker Park:CitySearch;Wicker Park / Bucktown:MenuPages;Bucktown:DexKnows;Wicker Park:DexKnows;Wicker Park:Yahoo;Bucktown:Yahoo;

Dunning,Metromix,0,Dunning:Yelp;Belmont Cragin:ChicagoReader;Dunning:YellowPages;Dunning:Menuism;Norridge:CitySearch;Portage Park / Dunning:MenuPages;Dunning:DexKnows;Dunning:Yahoo;

East Village / Ukrainian Village,Metromix,0,Ukrainian Village:Yelp;Ukrainian Village/East Village:ChicagoReader;Ukrainian Village:YellowPages;Ukrainian Village:Menuism;Wicker Park:CitySearch;Ukranian Village:MenuPages;Wicker Park:DexKnows;Wicker Park:Yahoo;

Edgebrook,Metromix,0,Forest Glen:Yelp;Forest Glen:YellowPages;Forest Glen:Menuism;Norwood Park:CitySearch;Far NW Chicago:MenuPages;Forest Glen:DexKnows;Forest Glen:Yahoo;

Edison Park,Metromix,0,Edison Park:Yelp;Edison Park:YellowPages;Edison Park:Menuism;Norwood Park:CitySearch;Far NW Chicago:MenuPages;Edison Park:DexKnows;Edison Park:Yahoo;

Forest Glen / Sauganash,Metromix,0,Sauganash:Yelp;Lincolnwood:ChicagoReader;Sauganash:YellowPages;Sauganash:Menuism;Sauganash:CitySearch;Albany Park / North Park:MenuPages;Sauganash:DexKnows;Sauganash:Yahoo;

Galewood/Montclare,Metromix,0,Dunning:Yelp;Galewood:Yelp;Belmont Cragin:ChicagoReader;Dunning:YellowPages;Montclare:YellowPages;Dunning:Menuism;Montclare:Menuism;Norridge:CitySearch;Montclare / Cragin:MenuPages;Dunning:DexKnows;Montclare:DexKnows;Belmont Cragin:Yahoo;Dunning:Yahoo;

Jefferson Park,Metromix,0,Jefferson Park:Yelp;Jefferson Park:ChicagoReader;Sauganash:YellowPages;Jefferson Park:Menuism;Sauganash:CitySearch;Far NW Chicago:MenuPages;Jefferson Park:DexKnows;Jefferson Park:Yahoo;

Logan Square,Metromix,0,Logan Square:Yelp;Logan Square:ChicagoReader;Logan Square:YellowPages;Logan Square:Menuism;Logan Square:CitySearch;Hermosa:MenuPages;Logan Square / Avondale:MenuPages;Logan Square:DexKnows;Logan Square:Yahoo;

Norwood Park,Metromix,0,Norwood Park:Yelp;Jefferson Park:ChicagoReader;Norwood Park:YellowPages;Norwood Park:Menuism;Norwood Park:CitySearch;Far NW Chicago:MenuPages;Norwood Park:DexKnows;Norwood Park:Yahoo;

O'Hare,Metromix,0,O'Hare:Yelp;O'Hare:YellowPages;O'Hare:Menuism;Norwood Park:CitySearch;Norridge:CitySearch;Far NW Chicago:MenuPages;Dunning:DexKnows;O'Hare:Yahoo;

Portage Park,Metromix,0,Portage Park:Yelp;Portage Park:ChicagoReader;Portage Park:YellowPages;Portage Park:Menuism;Cragin:CitySearch;Albany Park / North Park:MenuPages;Portage Park / Dunning:MenuPages;Portage Park:DexKnows;Portage Park:Yahoo;

West Town,Metromix,0,Near West Side:Yelp;Noble Square:Yelp;Ukrainian Village:Yelp;Wicker Park:Yelp;Ukrainian Village:Yelp;West Town:ChicagoReader;West Town:YellowPages;DePaul:Menuism;Goose Island:Menuism;Near West Side:Menuism;Ukrainian Village:Menuism;Wicker Park:Menuism;Ukrainian Village:Menuism;DePaul:CitySearch;Goose Island:CitySearch;Near West Side:CitySearch;Ukranian Village:CitySearch;Wicker Park:CitySearch;Ukranian Village:CitySearch;Ukranian Village:MenuPages;West Loop / Greektown:MenuPages;Wicker Park / Bucktown:MenuPages;Ukranian Village:MenuPages;West Town:DexKnows;West Town:Yahoo;

South,Metromix,1,Lawndale:Yelp;Morgan Park:Yelp;Riverdale:Yelp;Roseland:Yelp;Pilsen/Little Village:ChicagoReader;Bronzeville:ChicagoReader;Englewood:ChicagoReader;Pullman:ChicagoReader;Far Southeast Side:YellowPages;Far Southwest Side:YellowPages;South Side:YellowPages;Southwest Side:YellowPages;Lawndale:Menuism;Morgan Park:Menuism;Riverdale:Menuism;Roseland:Menuism;Far southwest Side:CitySearch;Garfield Ridge:CitySearch;South Side:CitySearch;Archer Hts / Brighton Pk:MenuPages;Far SE Chicago:MenuPages;Far SW Chicago:MenuPages;New City / Chatham:MenuPages;Far Southeast Side:DexKnows;Far southwest Side:DexKnows;South Side:DexKnows;Southwest Side:DexKnows;Garfield Ridge:Yahoo;Roseland:Yahoo;Morgan Park:Yahoo;West Pullman:Yahoo;

Beverly/Mt Greenwood,Metromix,0,Beverly:Yelp;Morgan Park:Yelp;Mount Greenwood:Yelp;Jeffery Manor:Yelp;Beverly:ChicagoReader;Far Southwest Side:YellowPages;Beverly:Menuism;Morgan Park:Menuism;Mount Greenwood:Menuism;Far southwest Side:CitySearch;Far SW Chicago:MenuPages;Beverly:DexKnows;Morgan Park:DexKnows;Mount Greenwood:DexKnows;Beverly:Yahoo;Morgan Park:Yahoo;Mount Greenwood:Yahoo;

Bridgeport/Sox,Metromix,0,Bridgeport:Yelp;Bridgeport:ChicagoReader;McKinley Park:YellowPages;Bridgeport:Menuism;Bridgeport:CitySearch;Bridgeport-McKinley Park:MenuPages;Bridgeport:DexKnows;Bridgeport:Yahoo;

Bronzeville/ Douglas,Metromix,0,Douglas:Yelp;Bronzeville:ChicagoReader;Douglas:YellowPages;Bronzeville:Menuism;Douglas:CitySearch;Bronzeville / Douglas:MenuPages;Douglas:DexKnows;Douglas:Yahoo;

Calumet Heights,Metromix,0,Calumet Heights:Yelp;Calumet Heights:YellowPages;Calumet Heights:Menuism;Far SE Chicago:MenuPages;Calumet Heights:DexKnows;Avalon Park:Yahoo;

Chatham/Avalon Park,Metromix,0,Chatham:Yelp;Chatham:ChicagoReader;Greater Grand Crossing:YellowPages;Chatham:Menuism;Chatham:CitySearch;New City / Chatham:MenuPages;Chatham:DexKnows;Chatham:Yahoo;

Chinatown,Metromix,0,Chinatown:Yelp;Chinatown:ChicagoReader;Chinatown:YellowPages;Armour Square:Menuism;Bridgeport:CitySearch;Chinatown / Pilsen:MenuPages;Armour Square:DexKnows;Chinatown:Yahoo;

Englewood/Auburn / Gresham,Metromix,0,Englewood:Yelp;West Englewood:Yelp;Englewood:ChicagoReader;Englewood:YellowPages;West Englewood:YellowPages;Englewood:Menuism;West Englewood:Menuism;Englewood:CitySearch;West Englewood:CitySearch;New City / Chatham:MenuPages;Englewood:DexKnows;West Englewood:DexKnows;West Englewood:Yahoo;Englewood:Yahoo;

Far South Side,Metromix,0,Riverdale:Yelp;Pullman:ChicagoReader;West Pullman:YellowPages;Riverdale:Menuism;Far southwest Side:CitySearch;Far SE Chicago:MenuPages;Far SW Chicago:MenuPages;West Pullman:DexKnows;West Pullman:Yahoo;

Grand Blvd/Oakland / Fuller Park,Metromix,0,Grand Boulevard:Yelp;Bronzeville:ChicagoReader;Grand Boulevard:YellowPages;Bronzeville:Menuism;Oakland:Menuism;Grand Boulevard:CitySearch;Oakland:CitySearch;Bronzeville / Douglas:MenuPages;Grand Boulevard:DexKnows;Oakland:DexKnows;Grand Boulevard:Yahoo;

Hegewisch/East Side,Metromix,0,East Side:Yelp;East Side:YellowPages;East Side:Menuism;Far SE Chicago:MenuPages;East Side:DexKnows;East Side:Yahoo;

Hyde Park/University Of Chicago,Metromix,0,Hyde Park:Yelp;Kenwood:Yelp;Hyde Park:ChicagoReader;Hyde Park:YellowPages;Kenwood:YellowPages;Hyde Park:Menuism;Kenwood:Menuism;Hyde Park:CitySearch;Kenwood:CitySearch;Hyde Park / Kenwood:MenuPages;Hyde Park:DexKnows;Kenwood:DexKnows;Hyde Park:Yahoo;Kenwood:Yahoo;

Park Manor/Grand Crossing,Metromix,0,Greater Grand Crossing:Yelp;Hyde Park:Yelp;Washington Park:Yelp;Woodlawn:Yelp;Woodlawn:ChicagoReader;Greater Grand Crossing:YellowPages;Greater Grand Crossing:Menuism;Hyde Park:Menuism;Washington Park:Menuism;Woodlawn:Menuism;Hyde Park:CitySearch;Washington Park:CitySearch;Woodlawn:CitySearch;Greater Grand Crossing:CitySearch;South Shore / Woodlawn:MenuPages;Greater Grand Crossing:DexKnows;Hyde Park:DexKnows;Washington Park:DexKnows;Woodlawn:DexKnows;Greater Grand Crossing:Yahoo;Hyde Park:Yahoo;Woodlawn:Yahoo;Washington Park:Yahoo;

Pullman,Metromix,0,Pullman:Yelp;Pullman:ChicagoReader;Pullman:YellowPages;Pullman:Menuism;Far southwest Side:CitySearch;Far SW Chicago:MenuPages;Pullman:DexKnows;Roseland:Yahoo;

Roseland/Csu/ Washington Heights,Metromix,0,Brainerd:Yelp;Roseland:Yelp;Beverly:ChicagoReader;Roseland:YellowPages;Washington Heights / Brainerd:YellowPages;Roseland:Menuism;Washington Heights / Brainerd:Menuism;Washington Heights / Brainerd:CitySearch;Far SW Chicago:MenuPages;Beverly:DexKnows;Roseland:DexKnows;Roseland:Yahoo;Washington Heights:Yahoo;

South Chicago,Metromix,0,South Chicago:Yelp;South Chicago:YellowPages;South Chicago:Menuism;South Chicago:CitySearch;Far SE Chicago:MenuPages;South Chicago:DexKnows;South Chicago:Yahoo;

South Shore,Metromix,0,South Shore:Yelp;South Shore:ChicagoReader;South Shore:YellowPages;South Shore:Menuism;South Shore:CitySearch;South Shore / Woodlawn:MenuPages;South Shore:DexKnows;South Shore:Yahoo;

Washington Park / Woodlawn,Metromix,0,Grand Boulevard:Yelp;Hyde Park:Yelp;Washington Park:Yelp;Woodlawn:Yelp;Washington Park:ChicagoReader;Washington Park:YellowPages;Washington Park:Menuism;Grand Boulevard:CitySearch;Hyde Park:CitySearch;Washington Park:CitySearch;Woodlawn:CitySearch;South Shore / Woodlawn:MenuPages;Grand Boulevard:DexKnows;Hyde Park:DexKnows;Washington Park:DexKnows;Woodlawn:DexKnows;Hyde Park:Yahoo;Grand Boulevard:Yahoo;Woodlawn:Yahoo;Washington Park:Yahoo;

Southwest,Metromix,1,Garfield Ridge:Yelp;Lawndale:Yelp;New City:Yelp;West Lawn:Yelp;Lawndale:ChicagoReader;Englewood:ChicagoReader;West Lawn:ChicagoReader;Berwyn:ChicagoReader;Far Southwest Side:YellowPages;Southwest Side:YellowPages;Garfield Ridge:YellowPages;Lawndale:YellowPages;Garfield Ridge:Menuism;Lawndale:Menuism;New City:Menuism;West Lawn:Menuism;Far southwest Side:CitySearch;Garfield Ridge:CitySearch;South Side:CitySearch;Cicero:CitySearch;Archer Hts / Brighton Pk:MenuPages;Chicago Lawn / Ashburn:MenuPages;Lawndale:MenuPages;New City / Chatham:MenuPages;Far southwest Side:DexKnows;Garfield Ridge:DexKnows;Southwest Side:DexKnows;West Side:DexKnows;Garfield Ridge:Yahoo;New City:Yahoo;West Lawn:Yahoo;Englewood:Yahoo;

Archer Height/Brighton/ Mc Kinley Park,Metromix,0,Brighton Park:Yelp;Little Village:Yelp;McKinley Park:Yelp;New City:Yelp;Brighton Park:Yelp;McKinley Park:Yelp;Pilsen/Little Village:ChicagoReader;Brighton Park:ChicagoReader;Brighton Park:ChicagoReader;McKinley Park:ChicagoReader;Brighton Park:YellowPages;McKinley Park:YellowPages;New City:YellowPages;Little Village:YellowPages;Brighton Park:YellowPages;McKinley Park:YellowPages;Brighton Park:Menuism;Little Village:Menuism;McKinley Park:Menuism;New City:Menuism;Brighton Park:Menuism;McKinley Park:Menuism;Archer Heights:CitySearch;Back of the Yards:CitySearch;Brighton Park:CitySearch;Little Village:CitySearch;McKinley Park:CitySearch;Brighton Park:CitySearch;McKinley Park:CitySearch;Archer Hts / Brighton Pk:MenuPages;Archer Heights:DexKnows;Back of the Yards:DexKnows;Brighton Park:DexKnows;Little Village:DexKnows;McKinley Park:DexKnows;Brighton Park:DexKnows;McKinley Park:DexKnows;Archer Heights:Yahoo;Brighton Park:Yahoo;McKinley Park:Yahoo;

Ashburn/West Lawn / Ford City,Metromix,0,Gage Park:Yelp;Marquette Park:Yelp;West Lawn:Yelp;Chicago Lawn:Yelp;Marquette Park:Yelp;West Elsdon:Yelp;West Lawn:ChicagoReader;Chicago Lawn:YellowPages;Gage Park:YellowPages;West Lawn:YellowPages;Chicago Lawn:YellowPages;West Elsdon:YellowPages;Chicago Lawn:Menuism;Gage Park:Menuism;West Lawn:Menuism;Chicago Lawn:Menuism;West Elsdon:Menuism;Chicago Lawn:CitySearch;Gage Park:CitySearch;West Lawn:CitySearch;Chicago Lawn:CitySearch;West Elsdon:CitySearch;Chicago Lawn / Ashburn:MenuPages;Chicago Lawn:DexKnows;Gage Park:DexKnows;West Lawn:DexKnows;Chicago Lawn:DexKnows;West Elsdon:DexKnows;West Lawn:Yahoo;Ashburn:Yahoo;Gage Park:Yahoo;West Elsdon:Yahoo;

Back Of The Yards,Metromix,0,Back of the Yards:Yelp;Back of the Yards:YellowPages;New City:Menuism;Back of the Yards:CitySearch;Archer Hts / Brighton Pk:MenuPages;Back of the Yards:DexKnows;New City:Yahoo;

Lawndale,Metromix,0,Lawndale:Yelp;Lawndale:ChicagoReader;Lawndale:YellowPages;Lawndale:Menuism;Austin:CitySearch;East Garfield Park:CitySearch;Little Village:CitySearch;North Lawndale:CitySearch;Cicero:CitySearch;North Lawndale:CitySearch;Tri-Taylor:CitySearch;Lawndale:MenuPages;Austin:DexKnows;Little Village:DexKnows;West Side:DexKnows;North Lawndale:DexKnows;East Garfield Park:Yahoo;North Lawndale:Yahoo;Tri-taylor:Yahoo;

Little Tuscany,Metromix,0,Bridgeport:Yelp;Pilsen:Yelp;Pilsen/Little Village:ChicagoReader;Pilsen:YellowPages;Bridgeport:Menuism;Pilsen:Menuism;Bridgeport:CitySearch;Pilsen:CitySearch;Chinatown / Pilsen:MenuPages;Bridgeport:DexKnows;Pilsen:DexKnows;Pilsen:Yahoo;Bridgeport:Yahoo;

Marquette Park,Metromix,0,Marquette Park:Yelp;West Lawn:ChicagoReader;Chicago Lawn:YellowPages;Chicago Lawn:Menuism;Chicago Lawn:CitySearch;Chicago Lawn / Ashburn:MenuPages;Chicago Lawn:DexKnows;West Lawn:Yahoo;

Midway,Metromix,0,Garfield Ridge:Yelp;Garfield Ridge:YellowPages;Garfield Ridge:Menuism;Garfield Ridge:CitySearch;Midway:MenuPages;Garfield Ridge:DexKnows;Garfield Ridge:Yahoo;

Pilsen/Heart of Chicago/Little Village,Metromix,0,Bridgeport:Yelp;Little Village:Yelp;Pilsen:Yelp;Pilsen/Little Village:ChicagoReader;Pilsen/Little Village:ChicagoReader;Lawndale:YellowPages;Pilsen:YellowPages;Bridgeport:Menuism;Little Village:Menuism;Pilsen:Menuism;Bridgeport:CitySearch;Little Village:CitySearch;Pilsen:CitySearch;Chinatown / Pilsen:MenuPages;Lawndale:MenuPages;Bridgeport:DexKnows;Little Village:DexKnows;Pilsen:DexKnows;Pilsen:Yahoo;

West,Metromix,1,Austin:Yelp;Humboldt Park:Yelp;Lawndale:Yelp;Near West Side:Yelp;Austin:ChicagoReader;Humboldt Park:ChicagoReader;Lawndale:ChicagoReader;West Town:ChicagoReader;Austin:YellowPages;DePaul:YellowPages;West Side:YellowPages;Humboldt Park:YellowPages;Austin:Menuism;Humboldt Park:Menuism;Lawndale:Menuism;Near West Side:Menuism;Austin:CitySearch;DePaul:CitySearch;Humboldt Park:CitySearch;Near West Side:CitySearch;Hermosa:MenuPages;Humboldt-Austin-Garfield:MenuPages;Lawndale:MenuPages;Lincoln Park / DePaul:MenuPages;Austin:DexKnows;DePaul:DexKnows;Humboldt Park:DexKnows;West Side:DexKnows;West Town:Yahoo;Austin:Yahoo;Humboldt Park:Yahoo;Little Italy:Yahoo;

Austin,Metromix,0,Austin:Yelp;Austin:ChicagoReader;Austin:YellowPages;Austin:Menuism;Austin:CitySearch;Humboldt-Austin-Garfield:MenuPages;Austin:DexKnows;Austin:Yahoo;

Garfield Park,Metromix,0,East Garfield Park:Yelp;Humboldt Park:Yelp;Garfield Park:ChicagoReader;East Garfield Park:YellowPages;Humboldt Park:YellowPages;East Garfield Park:Menuism;Humboldt Park:Menuism;East Garfield Park:CitySearch;Humboldt Park:CitySearch;Humboldt-Austin-Garfield:MenuPages;East Garfield Park:DexKnows;Humboldt Park:DexKnows;Humboldt Park:Yahoo;East Garfield Park:Yahoo;

Humboldt Park,Metromix,0,Humboldt Park:Yelp;Humboldt Park:ChicagoReader;Humboldt Park:YellowPages;Humboldt Park:Menuism;Humboldt Park:CitySearch;Humboldt-Austin-Garfield:MenuPages;Wicker Park / Bucktown:MenuPages;Humboldt Park:DexKnows;Humboldt Park:Yahoo;

Little Italy,Metromix,0,University Village:Yelp;University Village/Little Italy:ChicagoReader;University Village / Little Italy:YellowPages;University Village / Little Italy:Menuism;Tri-Taylor:CitySearch;Near West:MenuPages;West Side:DexKnows;Little Italy:Yahoo;

United Center,Metromix,0,Near West Side:Yelp;United Center:ChicagoReader;Near West Side:YellowPages;Near West Side:Menuism;Near West Side:CitySearch;Humboldt-Austin-Garfield:MenuPages;Near West Side:DexKnows;Near West Side:Yahoo;

Near North Suburbs,Metromix,1,Irving Park:Yelp;Norwood Park:Yelp;O'Hare:Yelp;Sauganash:Yelp;Jefferson Park:ChicagoReader;Portage Park:ChicagoReader;Lincolnwood:ChicagoReader;Skokie:ChicagoReader;Far North Side:YellowPages;Northwest Side:YellowPages;Norwood Park:YellowPages;O'Hare:YellowPages;Irving Park:Menuism;Norwood Park:Menuism;O'Hare:Menuism;Sauganash:Menuism;Norwood Park:CitySearch;Norridge:CitySearch;Park Ridge:CitySearch;Far North Side:CitySearch;Albany Park / North Park:MenuPages;Far NW Chicago:MenuPages;Portage Park / Dunning:MenuPages;Rogers Park / Devon Ave:MenuPages;Dunning:DexKnows;Far North Side:DexKnows;Northwest Side:DexKnows;Norwood Park:DexKnows;Irving Park:Yahoo;Norwood Park:Yahoo;O'Hare:Yahoo;Sauganash:Yahoo;

Harwood Heights,Metromix,0,Norwood Park:Yelp;Norwood Park:YellowPages;Norwood Park:Menuism;Norridge:CitySearch;Portage Park / Dunning:MenuPages;Norwood Park:DexKnows;Norwood Park:Yahoo;

Lincolnwood,Metromix,0,North Park:Yelp;Lincolnwood:ChicagoReader;West Rogers Park:YellowPages;West Rogers Park:Menuism;Lincolnwood:CitySearch;Rogers Park / Devon Ave:MenuPages;West Rogers Park:DexKnows;West Ridge:Yahoo;

Niles,Metromix,0,Edison Park:Yelp;Edison Park:YellowPages;Edison Park:Menuism;Park Ridge:CitySearch;Far NW Chicago:MenuPages;Edison Park:DexKnows;Edison Park:Yahoo;

Norridge,Metromix,0,Dunning:Yelp;Dunning:YellowPages;Dunning:Menuism;Norridge:CitySearch;Portage Park / Dunning:MenuPages;Dunning:DexKnows;Dunning:Yahoo;

Park Ridge,Metromix,0,Norwood Park:Yelp;Norwood Park:YellowPages;Norwood Park:Menuism;Park Ridge:CitySearch;Far NW Chicago:MenuPages;Norwood Park:DexKnows;Norwood Park:Yahoo;

Schiller Park,Metromix,0,O'Hare:Yelp;O'Hare:YellowPages;O'Hare:Menuism;O'Hare:Yahoo;

Skokie,Metromix,0,Skokie:ChicagoReader;

Near South Suburbs,Metromix,1,Ashburn:Yelp;Mount Greenwood:Yelp;Riverdale:Yelp;Roseland:Yelp;Beverly:ChicagoReader;Chatham:ChicagoReader;Pullman:ChicagoReader;West Lawn:ChicagoReader;Far Southeast Side:YellowPages;Far Southwest Side:YellowPages;South Side:YellowPages;West Lawn:YellowPages;Ashburn:Menuism;Mount Greenwood:Menuism;Riverdale:Menuism;Roseland:Menuism;Far southwest Side:CitySearch;South Side:CitySearch;Oak Lawn:CitySearch;Alsip:CitySearch;Chicago Lawn / Ashburn:MenuPages;Far SE Chicago:MenuPages;Far SW Chicago:MenuPages;New City / Chatham:MenuPages;Far Southeast Side:DexKnows;Far southwest Side:DexKnows;South Side:DexKnows;West Lawn:DexKnows;Ashburn:Yahoo;Roseland:Yahoo;Mount Greenwood:Yahoo;West Pullman:Yahoo;

Alsip,Metromix,0,Far Southwest Side:YellowPages;Alsip:CitySearch;Far SW Chicago:MenuPages;Far southwest Side:DexKnows;

Blue Island,Metromix,0,West Pullman:Yelp;West Pullman:YellowPages;West Pullman:Menuism;Far SW Chicago:MenuPages;West Pullman:DexKnows;West Pullman:Yahoo;

Burbank,Metromix,0,Burbank:CitySearch;

Dolton,Metromix,0,Riverdale:Yelp;Riverdale:Menuism;Dolton:CitySearch;Far SE Chicago:MenuPages;

Evergreen Park,Metromix,0,Beverly:Yelp;Jeffery Manor:Yelp;Beverly:ChicagoReader;Beverly:YellowPages;Beverly:Menuism;Evergreen Park:CitySearch;Far SW Chicago:MenuPages;Beverly:DexKnows;Beverly:Yahoo;

Riverdale,Metromix,0,Riverdale:Yelp;Pullman:ChicagoReader;West Pullman:YellowPages;Riverdale:Menuism;Calumet Park:CitySearch;Far SW Chicago:MenuPages;West Pullman:DexKnows;West Pullman:Yahoo;

Summit,Metromix,0,Clearing:Yelp;Clearing:YellowPages;Clearing:Menuism;Clearing:CitySearch;Midway:MenuPages;Clearing:DexKnows;Clearing:Yahoo;

Near West Suburbs,Metromix,1,Austin:Yelp;Cragin:Yelp;Lawndale:Yelp;Montclare:Yelp;Belmont Cragin:ChicagoReader;Austin:ChicagoReader;Berwyn:ChicagoReader;Cicero:ChicagoReader;Austin:YellowPages;Cragin:YellowPages;Montclare:YellowPages;Lawndale:YellowPages;Austin:Menuism;Cragin:Menuism;Lawndale:Menuism;Montclare:Menuism;Austin:CitySearch;Cragin:CitySearch;Cicero:CitySearch;Oak Park:CitySearch;Hermosa:MenuPages;Humboldt-Austin-Garfield:MenuPages;Lawndale:MenuPages;Montclare / Cragin:MenuPages;Austin:DexKnows;Cragin:DexKnows;Dunning:DexKnows;Montclare:DexKnows;Belmont Cragin:Yahoo;Austin:Yahoo;Dunning:Yahoo;Hermosa:Yahoo;

Cicero,Metromix,0,Lawndale:Yelp;Cicero:ChicagoReader;Lawndale:YellowPages;Lawndale:Menuism;Cicero:CitySearch;Lawndale:MenuPages;West Side:DexKnows;

Elmwood Park,Metromix,0,Montclare:Yelp;Belmont Cragin:ChicagoReader;Montclare:YellowPages;Montclare:Menuism;Galewood:CitySearch;Montclare / Cragin:MenuPages;Montclare:DexKnows;Belmont Cragin:Yahoo;

Oak Park,Metromix,0,Oak Park:CitySearch;

River Grove,Metromix,0,Dunning:Yelp;Dunning:YellowPages;Dunning:Menuism;Dunning:DexKnows;Dunning:Yahoo;

North Suburbs,Metromix,1,Park Ridge:CitySearch;

North Shore Suburbs,Metromix,1,Evanston:ChicagoReader;Skokie:ChicagoReader;Park Ridge:CitySearch;

Evanston,Metromix,0,Evanston:ChicagoReader;

Northwest Suburbs,Metromix,1,O'Hare:Yelp;O'Hare:YellowPages;O'Hare:Menuism;Far NW Chicago:MenuPages;O'Hare:Yahoo;

Des Plaines,Metromix,0,O'Hare:Yelp;O'Hare:YellowPages;O'Hare:Menuism;O'Hare:Yahoo;

Rosemont,Metromix,0,O'Hare:Yelp;O'Hare:YellowPages;O'Hare:Menuism;Far NW Chicago:MenuPages;O'Hare:Yahoo;

South Suburbs,Metromix,1,Hegewisch:Yelp;Riverdale:Yelp;Roseland:Yelp;South Deering:Yelp;Beverly:ChicagoReader;Chatham:ChicagoReader;Pullman:ChicagoReader;West Lawn:ChicagoReader;Far Southeast Side:YellowPages;Far Southwest Side:YellowPages;Hegewisch:YellowPages;West Pullman:YellowPages;Hegewisch:Menuism;Riverdale:Menuism;Roseland:Menuism;South Deering:Menuism;Far southwest Side:CitySearch;Dolton:CitySearch;Oak Lawn:CitySearch;Alsip:CitySearch;Chicago Lawn / Ashburn:MenuPages;Far SE Chicago:MenuPages;Far SW Chicago:MenuPages;New City / Chatham:MenuPages;Far Southeast Side:DexKnows;Far southwest Side:DexKnows;Hegewisch:DexKnows;West Pullman:DexKnows;Roseland:Yahoo;South Deering:Yahoo;West Pullman:Yahoo;Hegewisch:Yahoo;

Crestwood,Metromix,0,Alsip:CitySearch;

Oak Lawn,Metromix,0,Scottsdale:Yelp;Scottsdale:YellowPages;Scottsdale:Menuism;Oak Lawn:CitySearch;Chicago Lawn / Ashburn:MenuPages;Scottsdale:DexKnows;Ashburn:Yahoo;

South Holland,Metromix,0,Dolton:CitySearch;

West Suburbs,Metromix,1,Garfield Ridge:Yelp;Montclare:Yelp;Norwood Park:Yelp;O'Hare:Yelp;Belmont Cragin:ChicagoReader;Portage Park:ChicagoReader;Berwyn:ChicagoReader;Forest Park:ChicagoReader;Norwood Park:YellowPages;O'Hare:YellowPages;Montclare:YellowPages;Garfield Ridge:YellowPages;Garfield Ridge:Menuism;Montclare:Menuism;Norwood Park:Menuism;O'Hare:Menuism;Garfield Ridge:CitySearch;Norwood Park:CitySearch;Oak Park:CitySearch;Oak Lawn:CitySearch;Far NW Chicago:MenuPages;Midway:MenuPages;Montclare / Cragin:MenuPages;Portage Park / Dunning:MenuPages;Dunning:DexKnows;Garfield Ridge:DexKnows;Montclare:DexKnows;Norwood Park:DexKnows;Garfield Ridge:Yahoo;Dunning:Yahoo;Norwood Park:Yahoo;O'Hare:Yahoo;

Berwyn,Metromix,0,Berwyn:ChicagoReader;

Forest Park,Metromix,0,Forest Park:ChicagoReader;

Franklin Park,Metromix,0,O'Hare:Yelp;O'Hare:YellowPages;O'Hare:Menuism;O'Hare:Yahoo;